{
    "sistema": true,
    "colorOfice": "#FFFF00",
    "channelLogs": "1237964870234931240",
    "channelFeedbacks": "1237964870234931237",
    "ticket": {
        "title": "atend",
        "description": "",
        "miniatura": "",
        "banner": "https://cdn.discordapp.com/attachments/1236396980171833445/1242736439515680820/Simple_Illustration_Lion_Soccer_Badge_Logo_680_x_240_px.png?ex=66600f80&is=665ebe00&hm=9d37950ceaac6bbd1b0b8903d02e3c7ebea5e82aa386bb45f0a75b3edc579c60&",
        "button": {
            "name": "Suporte",
            "color": "Azul",
            "emoji": "<:carta:1247222434382479411>"
        }
    },
    "ticketDentro": {
        "title": "Atendimento",
        "description": "**Informações:**\nID: `#ID` |\nUsuário: #USER |\nStaff Responsável: #STAFF |",
        "miniatura": "",
        "banner": "https://cdn.discordapp.com/attachments/1236396980171833445/1242736439515680820/Simple_Illustration_Lion_Soccer_Badge_Logo_680_x_240_px.png?ex=66600f80&is=665ebe00&hm=9d37950ceaac6bbd1b0b8903d02e3c7ebea5e82aa386bb45f0a75b3edc579c60&"
    },
    "payments": {
        "sistema": true,
        "pix": "seu pix",
        "qrcode": ""
    },
    "cargoSuportt": "1237964869345738780",
    "userTickets": {
        
    }
}